{"cameraMode":{"drawMode":0,"name":"Shaded","section":"Shading Mode"},"sceneLighting":false,"audioPlay":false,"sceneViewState":{"showFog":true,"showMaterialUpdate":false,"showSkybox":false,"showFlares":true,"showImageEffects":true,"showParticleSystems":true},"in2DMode":false,"pivot":{"x":-1.5240362882614136,"y":-6.167792320251465,"z":-18.8217830657959},"rotation":{"x":-0.009187176823616028,"y":0.9809514880180359,"z":-0.18825283646583558,"w":-0.048326365649700168},"size":13.248106956481934,"orthographic":false}