{"cameraMode":{"drawMode":0,"name":"Shaded","section":"Shading Mode"},"sceneLighting":false,"audioPlay":false,"sceneViewState":{"showFog":true,"showMaterialUpdate":false,"showSkybox":false,"showFlares":true,"showImageEffects":true,"showParticleSystems":true},"in2DMode":false,"pivot":{"x":0.9806219339370728,"y":1.6694917678833008,"z":5.334949970245361},"rotation":{"x":0.1157580092549324,"y":-0.03724048659205437,"z":0.004349194932729006,"w":0.9925616383552551},"size":5.2021894454956059,"orthographic":false}