{"cameraMode":{"drawMode":0,"name":"Shaded","section":"Shading Mode"},"sceneLighting":false,"audioPlay":false,"sceneViewState":{"showFog":true,"showMaterialUpdate":false,"showSkybox":false,"showFlares":true,"showImageEffects":true,"showParticleSystems":true},"in2DMode":false,"pivot":{"x":2.105175733566284,"y":2.1940364837646486,"z":-14.352437973022461},"rotation":{"x":0.155164897441864,"y":0.49561548233032229,"z":-0.09048563987016678,"w":0.8497711420059204},"size":0.9168304204940796,"orthographic":false}