{"cameraMode":{"drawMode":0,"name":"Shaded","section":"Shading Mode"},"sceneLighting":false,"audioPlay":false,"sceneViewState":{"showFog":true,"showMaterialUpdate":false,"showSkybox":false,"showFlares":true,"showImageEffects":true,"showParticleSystems":true},"in2DMode":false,"pivot":{"x":0.000004864488801104017,"y":0.000022780272047384642,"z":-0.000006756888978998177},"rotation":{"x":0.2117953598499298,"y":-0.349397748708725,"z":-0.081488236784935,"w":-0.9091938734054565},"size":0.000017320508050033823,"orthographic":false}