{"cameraMode":{"drawMode":0,"name":"Shaded","section":"Shading Mode"},"sceneLighting":false,"audioPlay":false,"sceneViewState":{"showFog":true,"showMaterialUpdate":false,"showSkybox":false,"showFlares":true,"showImageEffects":true,"showParticleSystems":true},"in2DMode":false,"pivot":{"x":2.2111544609069826,"y":1.3628158569335938,"z":0.6791782975196838},"rotation":{"x":-0.04418005049228668,"y":0.8790590167045593,"z":-0.08337964117527008,"w":-0.4674398601055145},"size":0.34641033411026,"orthographic":false}